Journal Name,Journal Publisher
Journal of Immigrant and Refugee Studies,Routledgeinfo@tandf.co.uk
Identities,Taylor and Francis Ltd.
Ethnic and Racial Studies,Routledge
Asian and Pacific Migration Journal,Scalabrini Migration Centerclaims@sagepub.com
Journal of Ethnic and Migration Studies,Routledgeinfo@tandf.co.uk
Comparative Migration Studies,Springer
"International Journal of Migration, Health and Social Care",Emerald Group Holdings Ltd.usinfo-f@elsevier.com
Journal of Diversity in Higher Education,American Psychological Associationjournals@apa.org
Journal of Studies in International Education,SAGE Publications Inc.
Patterns of Prejudice,Routledge
Journal of Migration History,Brill Academic Publishers
Journal of Black Studies,SAGE Publications Inc. claims@sagepub.com
Journal of Ethnic and Migration Studies,Carfax Publishing Company
Migration Studies,Oxford University Pressjnl.info@oup.co.uk
Patterns of Prejudice,Routledgeinfo@tandf.co.uk
Ethnicities,SAGE Publications Ltd
Race Ethnicity and Education,Routledgeinfo@tandf.co.uk
European Journal of Migration and Law,Kluwer Law International
Cultural Diversity and Ethnic Minority Psychology,American Psychological Association Inc.
Journal of Refugee Studies,Oxford University Pressjnl.info@oup.co.uk
Asian and Pacific Migration Journal,Scalabrini Migration Center40 Matapat St.Bay Pinyahan
Asian and Pacific Migration Journal,1100 Quezon city
Race and Class,SAGE Publications Ltd
International Migration Review,Blackwell Publishing Inc.info@sagepub.co.uk
Journal of Diversity in Higher Education,American Psychological Association750 First Street
Journal of Diversity in Higher Education,NEWashingtonDC 20002-4242journals@apa.org
Asian and Pacific Migration Journal,Scalabrini Migration Center
Race and Class,SAGE Publications Inc.
Latino Studies,Palgrave Macmillan Ltd.journal-info@palgrave.com
Cultural Diversity and Ethnic Minority Psychology,American Psychological Association750 First Street
Cultural Diversity and Ethnic Minority Psychology,NEWashingtonDC 20002-4242journals@apa.org
Race Ethnicity and Education,Carfax Publishing Company
International Migration,Blackwell Publishing Ltd
Ethnicity and Health,Carfax Publishing Company
Asian and Pacific Migration Journal,SAGE Publications Inc. claims@sagepub.com
Journal of Diversity in Higher Education,American Psychological Association Inc.journals@apa.org
International Migration,Blackwell Publishing Ltdinfo@royensoc.co.uk
Ethnic and Racial Studies,Routledgeinfo@tandf.co.uk
Cultural Diversity and Ethnic Minority Psychology,American Psychological Association Inc.journals@apa.org
"International Journal of Migration, Health and Social Care",Emerald Group Publishing Ltd.Howard HouseWagon Lane
"International Journal of Migration, Health and Social Care",BingleyBD16 1WA
Refugee Survey Quarterly,Oxford University Pressjnls.cust.serv@oupjournals.org
Ethnicities,SAGE Publications Ltdinfo@sagepub.co.uk
Journal of Black Studies,SAGE Publications Inc.
Comparative Migration Studies,Springer Science and Business Media Deutschland GmbHinfo@springer-sbm.com
International Migration Review,Blackwell Publishing Inc.
Mobilities,Routledge
Cultural Diversity and Mental Health,John Wiley and Sons Inc.
Latino Studies,Palgrave Macmillan Ltd.HoundmillsBasingstoke
Latino Studies,Hants.RG21 6XSjournal-info@palgrave.com
Migration Letters,Migration Letterssales@tplondon.com
"Population, Space and Place",John Wiley and Sons LtdSouthern GateChichester
"Population, Space and Place",West SussexPO19 8SQ
Population and Development Review,Blackwell Publishing Ltdcustomerservices@oxonblackwellpublishing.com
Journal of Studies in International Education,SAGE Publications Inc.claims@sagepub.com
Mobilities,Routledgeinfo@tandf.co.uk
Race and Class,SAGE Publications Ltdinfo@sagepub.co.uk
Journal of International Migration and Integration,Springer Science+Business Media B.V.editorial@springerplus.com
Identities,Routledgeaabs@uw.edu
International Migration Review,Center for Migration Studies
Identities,Routledge
"International Journal of Migration, Health and Social Care",JAI Pressusinfo-f@elsevier.com
Journal of Migration History,Brill Academic Publisherscs@brill.nl
Population and Development Review,Population Council
Citizenship Studies,Routledge
Patterns of Prejudice,SAGE Publications Ltd
Cultural Diversity and Mental Health,Educational Publishing Foundation
"Population, Space and Place",John Wiley and Sons Ltd
Journal of International Migration and Integration,Springer Science and Business Media B.V.editorial@springerplus.com
Identities,Routledgeinfo@tandf.co.uk
European Journal of Migration and Law,Martinus Nijhoff Publishersorders@brill.nl
Studi Emigrazione,Centro Studi Emigrazione
Ethnic and Racial Studies,Routledge info@tandf.co.uk
Refugee Survey Quarterly,Oxford University Pressjnl.info@oup.co.uk
Latino Studies,Palgrave Macmillan
Migration Letters,Transnational Press London Ltdsales@tplondon.com
International Journal of Intercultural Relations,Elsevier Ltd
Journal of Intercultural Studies,Routledge
Comparative Migration Studies,Springer Science and Business Media Deutschland GmbH
International Migration,Blackwell Publishing Ltdcustomerservices@oxonblackwellpublishing.com
Global Networks,Blackwell Publishing Ltd
Migration Studies,Oxford University Press
Journal of International Migration and Integration,Springer Science and Business Media Netherlands
"Population, Space and Place",West SussexPO19 8SQvgorayska@wiley.com
Ethnicity & health,NLM (Medline)
Global Networks,Blackwell Publishing Ltdinfo@royensoc.co.uk
Cultural diversity & ethnic minority psychology,NLM (Medline)
Journal of Refugee Studies,Oxford University Press
European Journal of Migration and Law,Martinus Nijhoff Publishers
Identities,Gordon and Breach Science Publishers
Journal of International Migration and Integration,Springereditorial@springerplus.com
"International Journal of Migration, Health and Social Care",Pier Professional Ltd
Journal of Black Studies,SAGE Publications Inc.claims@sagepub.com
Migration Studies,Oxford University Pressjnls.cust.serv@oupjournals.org
Latino Studies,Hants.RG21 6XS
Journal of Immigrant and Refugee Studies,Routledge
International Migration Review,Blackwell Publishing Inc.subscrip@blackwellpub.com
Journal of Refugee Studies,Oxford University Pressjnls.cust.serv@oupjournals.org
Journal of Ethnic and Migration Studies,Routledge
Citizenship Studies,Routledgeinfo@tandf.co.uk
European Journal of Migration and Law,Brill Nijhofforders@brill.nl
"Population, Space and Place",John Wiley and Sons Ltdvgorayska@wiley.com
Journal of International Migration and Integration,Springer Netherlandsrbk@louisiana.edu
Population and Development Review,Blackwell Publishing Ltd
Asian and Pacific Migration Journal,SAGE Publications Inc.claims@sagepub.com
Journal of Studies in International Education,SAGE Publications Inc.2455 Teller RoadThousand OaksCA 91320
Population and Development Review,Blackwell Publishing Ltdinfo@royensoc.co.uk
Journal of Studies in International Education,SAGE Publications Inc. claims@sagepub.com
Journal of Diversity in Higher Education,American Psychological Association
Citizenship Studies,Carfax Publishing Company
Ethnicity and Health,Routledge
Journal of Intercultural Studies,Routledgeinfo@tandf.co.uk
International Migration Review,SAGE Publications Ltdinfo@sagepub.co.uk
Journal of International Migration and Integration,Kluwer Academic Publishers
Journal of International Migration and Integration,Springer Netherlands
IZA Journal of Migration,SpringerOpen
Ethnicity and Health,Routledgeinfo@tandf.co.uk
Global Networks,Blackwell Publishing Ltdcustomerservices@oxonblackwellpublishing.com
"Language, Culture and Curriculum",Routledge
"Language, Culture and Curriculum",Multilingual Matters Ltd
Ethnic and Racial Studies,Routledge Journals
Journal of Immigrant and Refugee Studies,Routledgeaabs@uw.edu
"Language, Culture and Curriculum",Routledgeinfo@tandf.co.uk
Latino Studies,Palgrave MacmillanHoundmillsBasingstoke
Refugee Survey Quarterly,Oxford University Press
"Population, Space and Place",John Wiley and Sons Ltdcs-journals@wiley.co.uk
